time,ax (m/s^2),ay (m/s^2),az (m/s^2),aT (m/s^2)
0.008446,-0.0355,0.0780,0.0880,0.123
0.009476,-0.0355,0.0780,0.0880,0.123
0.016722,-0.0942,0.0420,-0.0769,0.129
0.017748,-0.0942,0.0420,-0.0769,0.129
0.054576,-0.0715,-0.1030,0.0823,0.150
0.055845,-0.0715,-0.1030,0.0823,0.150
0.072532,-0.0480,-0.0126,0.0299,0.058
0.073623,-0.0480,-0.0126,0.0299,0.058
0.083357,-0.0581,0.0629,0.0486,0.099
0.084480,-0.0581,0.0629,0.0486,0.099
0.096788,-0.0543,0.0078,0.0316,0.063
0.097853,-0.0543,0.0078,0.0316,0.063
0.117158,-0.0590,0.0190,0.0407,0.074
0.119334,-0.0590,0.0190,0.0407,0.074
0.138460,-0.0221,0.0141,0.0212,0.034
0.139646,-0.0221,0.0141,0.0212,0.034
0.157781,-0.0402,0.0083,0.0200,0.046
0.159301,-0.0402,0.0083,0.0200,0.046
0.177894,-0.0449,-0.0104,-0.0171,0.049
0.179094,-0.0449,-0.0104,-0.0171,0.049
0.196747,-0.0668,0.0032,0.0236,0.071
0.198629,-0.0668,0.0032,0.0236,0.071
0.217916,-0.0799,-0.0376,0.0223,0.091
0.219737,-0.0799,-0.0376,0.0223,0.091
0.242098,-0.0415,-0.0356,0.0585,0.080
0.243145,-0.0415,-0.0356,0.0585,0.080
0.258606,-0.0327,-0.0208,0.1510,0.156
0.260580,-0.0327,-0.0208,0.1510,0.156
0.277853,-0.0360,0.0359,0.0717,0.088
0.279368,-0.0360,0.0359,0.0717,0.088
0.296502,0.0127,0.0737,0.0383,0.084
0.297594,0.0127,0.0737,0.0383,0.084
0.316475,0.0211,0.0292,0.0116,0.038
0.319522,0.0211,0.0292,0.0116,0.038
0.337952,0.0460,-0.0719,0.0338,0.092
0.339702,0.0460,-0.0719,0.0338,0.092
0.355926,-0.0609,-0.0579,0.0256,0.088
0.357676,-0.0609,-0.0579,0.0256,0.088
0.377149,-0.1332,-0.0323,0.0161,0.138
0.378753,-0.1332,-0.0323,0.0161,0.138
0.395944,-0.0728,0.0043,0.0327,0.080
0.397206,-0.0728,0.0043,0.0327,0.080
0.418042,-0.0581,0.0037,0.0058,0.058
0.419567,-0.0581,0.0037,0.0058,0.058
0.436055,-0.0697,0.0195,0.0464,0.086
0.436934,-0.0697,0.0195,0.0464,0.086
0.455547,-0.0544,-0.0040,0.0209,0.058
0.456938,-0.0544,-0.0040,0.0209,0.058
0.475766,-0.0147,0.0170,0.0374,0.044
0.477685,-0.0147,0.0170,0.0374,0.044
0.496580,-0.0582,0.0384,0.0006,0.070
0.498295,-0.0582,0.0384,0.0006,0.070
0.519026,-0.0644,0.0058,0.0606,0.089
0.520446,-0.0644,0.0058,0.0606,0.089
0.535410,-0.0603,0.0157,0.0112,0.063
0.536282,-0.0603,0.0157,0.0112,0.063
0.555301,-0.0297,0.0488,0.0346,0.067
0.556764,-0.0297,0.0488,0.0346,0.067
0.575441,-0.0343,0.0028,0.0333,0.048
0.576919,-0.0343,0.0028,0.0333,0.048
0.595935,-0.0046,-0.0059,0.0315,0.032
0.597641,-0.0046,-0.0059,0.0315,0.032
0.618330,-0.0112,-0.0063,0.0081,0.015
0.619513,-0.0112,-0.0063,0.0081,0.015
0.635124,-0.0246,-0.0391,0.0190,0.050
0.635881,-0.0246,-0.0391,0.0190,0.050
0.654937,-0.0670,-0.0250,0.0391,0.081
0.656018,-0.0670,-0.0250,0.0391,0.081
0.674959,-0.0461,-0.0360,0.0528,0.079
0.676172,-0.0461,-0.0360,0.0528,0.079
0.695996,-0.0301,-0.0095,0.0273,0.042
0.698981,-0.0301,-0.0095,0.0273,0.042
0.720138,-0.0384,0.0213,0.0329,0.055
0.721637,-0.0384,0.0213,0.0329,0.055
0.735475,-0.0233,0.0377,0.0214,0.049
0.737070,-0.0233,0.0377,0.0214,0.049
0.755052,-0.0689,0.0281,0.0155,0.076
0.756879,-0.0689,0.0281,0.0155,0.076
0.775122,-0.0588,0.0478,0.0157,0.077
0.777445,-0.0588,0.0478,0.0157,0.077
0.794758,-0.0375,0.0171,-0.0147,0.044
0.796066,-0.0375,0.0171,-0.0147,0.044
0.816351,-0.0489,0.0070,0.0084,0.050
0.819237,-0.0489,0.0070,0.0084,0.050
0.834903,-0.0674,0.0224,0.0063,0.071
0.836947,-0.0674,0.0224,0.0063,0.071
0.854469,-0.0686,-0.0083,0.0195,0.072
0.855697,-0.0686,-0.0083,0.0195,0.072
0.876078,-0.0609,-0.0311,0.0328,0.076
0.877738,-0.0609,-0.0311,0.0328,0.076
0.894857,-0.0338,-0.0054,-0.0174,0.038
0.896384,-0.0338,-0.0054,-0.0174,0.038
0.914740,-0.0309,-0.0094,0.0391,0.051
0.919230,-0.0309,-0.0094,0.0391,0.051
0.934928,-0.0375,-0.0236,0.0558,0.071
0.941147,-0.0375,-0.0236,0.0558,0.071
0.954419,-0.0160,-0.0291,0.0599,0.068
0.955850,-0.0160,-0.0291,0.0599,0.068
0.974508,0.0040,0.0056,0.0562,0.057
0.976656,0.0040,0.0056,0.0562,0.057
0.994464,-0.0211,-0.0167,0.0495,0.056
0.996051,-0.0211,-0.0167,0.0495,0.056
1.014737,-0.0190,0.0034,0.0579,0.061
1.018059,-0.0190,0.0034,0.0579,0.061
1.035322,-0.0107,0.0156,0.0206,0.028
1.036838,-0.0107,0.0156,0.0206,0.028
1.054167,-0.0234,0.0330,0.0195,0.045
1.055802,-0.0234,0.0330,0.0195,0.045
1.073952,-0.0307,0.0235,-0.0101,0.040
1.075407,-0.0307,0.0235,-0.0101,0.040
1.095542,-0.0403,0.0286,0.0340,0.060
1.096689,-0.0403,0.0286,0.0340,0.060
1.114010,-0.0677,-0.0040,0.0102,0.069
1.115711,-0.0677,-0.0040,0.0102,0.069
1.134080,-0.0991,-0.0270,0.0116,0.103
1.135918,-0.0991,-0.0270,0.0116,0.103
1.154317,-0.0513,0.0140,0.0401,0.067
1.155775,-0.0513,0.0140,0.0401,0.067
1.173872,-0.0331,0.0426,0.0669,0.086
1.175654,-0.0331,0.0426,0.0669,0.086
1.194224,-0.0434,0.0922,0.0098,0.102
1.195793,-0.0434,0.0922,0.0098,0.102
1.213963,-0.0133,0.0816,-0.0197,0.085
1.214989,-0.0133,0.0816,-0.0197,0.085
1.235045,-0.0255,-0.0471,0.0062,0.054
1.236910,-0.0255,-0.0471,0.0062,0.054
1.254569,-0.0536,-0.0575,-0.0231,0.082
1.256102,-0.0536,-0.0575,-0.0231,0.082
1.273719,-0.1117,-0.0450,0.0090,0.121
1.275557,-0.1117,-0.0450,0.0090,0.121
1.293947,-0.0822,-0.0436,-0.0038,0.093
1.295925,-0.0822,-0.0436,-0.0038,0.093
1.313719,-0.0368,-0.0251,0.0242,0.051
1.314797,-0.0368,-0.0251,0.0242,0.051
1.333998,-0.0333,-0.0167,0.0388,0.054
1.335405,-0.0333,-0.0167,0.0388,0.054
1.354543,-0.0347,-0.0121,0.0607,0.071
1.356074,-0.0347,-0.0121,0.0607,0.071
1.373454,-0.0022,0.0135,0.0477,0.050
1.375226,-0.0022,0.0135,0.0477,0.050
1.393869,-0.0052,0.0069,0.0391,0.040
1.395315,-0.0052,0.0069,0.0391,0.040
1.413369,-0.0301,0.0102,0.0115,0.034
1.414270,-0.0301,0.0102,0.0115,0.034
1.433336,-0.0287,0.0094,-0.0065,0.031
1.434940,-0.0287,0.0094,-0.0065,0.031
1.453058,-0.0451,0.0287,0.0578,0.079
1.454724,-0.0451,0.0287,0.0578,0.079
1.473140,-0.0548,0.0036,-0.0085,0.056
1.474690,-0.0548,0.0036,-0.0085,0.056
1.493303,-0.0541,0.0048,0.0476,0.072
1.495008,-0.0541,0.0048,0.0476,0.072
1.512917,-0.0176,0.0065,0.0404,0.044
1.513983,-0.0176,0.0065,0.0404,0.044
1.533206,-0.0130,-0.0141,0.0425,0.047
1.535114,-0.0130,-0.0141,0.0425,0.047
1.552905,-0.0501,-0.0365,0.0357,0.071
1.554515,-0.0501,-0.0365,0.0357,0.071
1.572832,-0.0564,-0.0247,0.0554,0.083
1.574332,-0.0564,-0.0247,0.0554,0.083
1.593377,-0.0254,-0.0340,0.0560,0.070
1.595107,-0.0254,-0.0340,0.0560,0.070
1.613271,-0.0194,0.0007,0.0316,0.037
1.614290,-0.0194,0.0007,0.0316,0.037
1.633186,-0.0359,0.0240,0.0102,0.044
1.634625,-0.0359,0.0240,0.0102,0.044
1.652897,-0.0571,0.0206,0.0119,0.062
1.654690,-0.0571,0.0206,0.0119,0.062
1.672736,-0.0635,0.0025,0.0348,0.073
1.674639,-0.0635,0.0025,0.0348,0.073
1.691804,-0.0345,-0.0027,-0.0114,0.036
1.694085,-0.0345,-0.0027,-0.0114,0.036
1.712417,-0.0645,0.0127,-0.0007,0.066
1.713495,-0.0645,0.0127,-0.0007,0.066
1.732362,-0.0563,0.0013,-0.0538,0.078
1.733574,-0.0563,0.0013,-0.0538,0.078
1.752530,-0.0671,-0.0194,0.0202,0.073
1.753724,-0.0671,-0.0194,0.0202,0.073
1.772504,-0.0543,-0.0194,0.0146,0.059
1.774273,-0.0543,-0.0194,0.0146,0.059
1.791470,-0.0369,-0.0198,0.0272,0.050
1.793542,-0.0369,-0.0198,0.0272,0.050
1.811023,-0.0368,0.0062,0.0174,0.041
1.812069,-0.0368,0.0062,0.0174,0.041
1.831538,-0.0500,0.0170,-0.0073,0.053
1.833284,-0.0500,0.0170,-0.0073,0.053
1.850829,-0.0285,-0.0282,0.0866,0.095
1.852440,-0.0285,-0.0282,0.0866,0.095
1.871821,-0.0373,-0.0099,0.0419,0.057
1.873496,-0.0373,-0.0099,0.0419,0.057
1.891004,-0.0185,0.0012,0.0366,0.041
1.892955,-0.0185,0.0012,0.0366,0.041
1.910960,-0.0423,-0.0233,0.0559,0.074
1.911813,-0.0423,-0.0233,0.0559,0.074
1.931078,-0.0372,-0.0068,0.0491,0.062
1.933225,-0.0372,-0.0068,0.0491,0.062
1.950772,-0.0422,-0.0061,0.0320,0.053
1.952407,-0.0422,-0.0061,0.0320,0.053
1.971018,-0.0017,-0.0030,0.0151,0.015
1.972631,-0.0017,-0.0030,0.0151,0.015
1.991483,-0.0194,0.0103,0.0540,0.058
1.993822,-0.0194,0.0103,0.0540,0.058
2.010801,-0.0870,-0.0282,0.0238,0.095
2.011825,-0.0870,-0.0282,0.0238,0.095
2.031101,-0.0744,-0.0173,0.0653,0.101
2.033157,-0.0744,-0.0173,0.0653,0.101
2.050957,-0.0401,0.0035,0.0664,0.078
2.052968,-0.0401,0.0035,0.0664,0.078
2.071294,-0.0594,0.0378,0.0796,0.106
2.072784,-0.0594,0.0378,0.0796,0.106
2.091123,-0.0301,0.1020,0.0198,0.108
2.093035,-0.0301,0.1020,0.0198,0.108
2.110809,-0.0113,0.0528,0.0058,0.054
2.112427,-0.0113,0.0528,0.0058,0.054
2.130545,-0.0338,-0.0170,-0.0169,0.041
2.131899,-0.0338,-0.0170,-0.0169,0.041
2.150988,-0.0664,-0.0610,-0.0303,0.095
2.152616,-0.0664,-0.0610,-0.0303,0.095
2.171558,-0.1229,-0.0270,0.0032,0.126
2.173478,-0.1229,-0.0270,0.0032,0.126
2.191241,-0.0707,0.0056,0.0049,0.071
2.193515,-0.0707,0.0056,0.0049,0.071
2.213782,-0.0572,0.0009,0.0454,0.073
2.216896,-0.0572,0.0009,0.0454,0.073
2.230578,-0.0445,0.0172,0.0347,0.059
2.231936,-0.0445,0.0172,0.0347,0.059
2.250621,-0.0394,0.0062,0.0469,0.062
2.252066,-0.0394,0.0062,0.0469,0.062
2.271246,-0.0207,0.0053,0.0533,0.057
2.273106,-0.0207,0.0053,0.0533,0.057
2.291236,-0.0023,0.0471,0.0384,0.061
2.292685,-0.0023,0.0471,0.0384,0.061
2.311184,-0.0361,0.0564,0.0291,0.073
2.312484,-0.0361,0.0564,0.0291,0.073
2.330975,-0.0107,0.0234,0.0143,0.029
2.333078,-0.0107,0.0234,0.0143,0.029
2.350874,-0.0321,0.0311,0.0547,0.071
2.352844,-0.0321,0.0311,0.0547,0.071
2.371054,-0.0416,0.0477,0.0006,0.063
2.372147,-0.0416,0.0477,0.0006,0.063
2.390958,-0.0455,0.0008,-0.0096,0.047
2.392798,-0.0455,0.0008,-0.0096,0.047
2.410826,-0.0562,-0.0333,0.0187,0.068
2.411671,-0.0562,-0.0333,0.0187,0.068
2.430537,-0.0956,-0.0577,0.0316,0.116
2.432048,-0.0956,-0.0577,0.0316,0.116
2.450946,-0.1217,-0.0272,-0.0080,0.125
2.452836,-0.1217,-0.0272,-0.0080,0.125
2.472778,-0.0946,-0.0384,0.0402,0.110
2.477475,-0.0946,-0.0384,0.0402,0.110
2.490424,-0.0738,-0.0180,0.0399,0.086
2.492482,-0.0738,-0.0180,0.0399,0.086
2.510297,-0.0436,0.0050,0.0126,0.046
2.511170,-0.0436,0.0050,0.0126,0.046
2.530096,-0.0165,0.0448,0.0028,0.048
2.531508,-0.0165,0.0448,0.0028,0.048
2.550604,-0.0499,-0.0146,0.0279,0.059
2.552347,-0.0499,-0.0146,0.0279,0.059
2.571713,-0.0326,0.0118,0.0554,0.065
2.573429,-0.0326,0.0118,0.0554,0.065
2.590229,-0.0061,0.0108,0.0483,0.050
2.591452,-0.0061,0.0108,0.0483,0.050
2.610743,-0.0197,0.0317,0.0350,0.051
2.611917,-0.0197,0.0317,0.0350,0.051
2.630231,-0.0366,0.0198,0.0281,0.050
2.632120,-0.0366,0.0198,0.0281,0.050
2.649850,-0.0294,0.0152,0.0355,0.048
2.651217,-0.0294,0.0152,0.0355,0.048
2.670213,-0.0362,0.0119,0.0478,0.061
2.671787,-0.0362,0.0119,0.0478,0.061
2.689858,-0.0076,-0.0205,0.0690,0.072
2.691570,-0.0076,-0.0205,0.0690,0.072
2.709778,-0.0019,0.0099,0.0467,0.048
2.711029,-0.0019,0.0099,0.0467,0.048
2.729875,-0.0059,-0.0168,0.0414,0.045
2.731539,-0.0059,-0.0168,0.0414,0.045
2.750186,-0.0471,0.0105,0.0426,0.064
2.751957,-0.0471,0.0105,0.0426,0.064
2.769818,-0.0729,0.0266,0.0206,0.080
2.771388,-0.0729,0.0266,0.0206,0.080
2.789727,-0.0543,0.0021,0.0085,0.055
2.791425,-0.0543,0.0021,0.0085,0.055
2.809596,-0.0716,0.0111,0.0030,0.073
2.810515,-0.0716,0.0111,0.0030,0.073
2.833257,-0.0524,0.0025,-0.0245,0.058
2.834885,-0.0524,0.0025,-0.0245,0.058
2.850004,-0.1017,-0.0005,0.0096,0.102
2.851604,-0.1017,-0.0005,0.0096,0.102
2.869318,-0.0939,-0.0290,0.0279,0.102
2.870922,-0.0939,-0.0290,0.0279,0.102
2.889509,-0.0290,0.0155,0.0125,0.035
2.891208,-0.0290,0.0155,0.0125,0.035
2.909258,0.0033,0.0226,0.0680,0.072
2.910346,0.0033,0.0226,0.0680,0.072
2.929440,-0.0381,0.0294,0.0723,0.087
2.931217,-0.0381,0.0294,0.0723,0.087
2.949046,0.0058,0.0475,0.0104,0.049
2.950298,0.0058,0.0475,0.0104,0.049
2.968892,0.0050,-0.0390,0.0140,0.042
2.970362,0.0050,-0.0390,0.0140,0.042
2.989290,-0.0657,-0.0488,-0.0114,0.083
2.991204,-0.0657,-0.0488,-0.0114,0.083
3.009292,-0.1002,-0.0283,0.0001,0.104
3.010284,-0.1002,-0.0283,0.0001,0.104
3.028873,-0.0840,-0.0153,0.0298,0.090
3.030653,-0.0840,-0.0153,0.0298,0.090
3.048922,-0.0157,-0.0165,0.0781,0.081
3.049885,-0.0157,-0.0165,0.0781,0.081
3.069104,0.0012,-0.0038,0.0438,0.044
3.070411,0.0012,-0.0038,0.0438,0.044
3.089698,-0.0049,0.0021,0.0229,0.024
3.090822,-0.0049,0.0021,0.0229,0.024
3.109849,-0.0303,0.0167,0.0396,0.053
3.111537,-0.0303,0.0167,0.0396,0.053
3.128502,-0.0199,0.0285,0.0488,0.060
3.129596,-0.0199,0.0285,0.0488,0.060
3.148323,-0.0667,-0.0029,0.0268,0.072
3.149316,-0.0667,-0.0029,0.0268,0.072
3.168729,-0.0541,0.0082,0.0005,0.055
3.170081,-0.0541,0.0082,0.0005,0.055
3.188112,-0.0499,0.0145,0.0381,0.064
3.189287,-0.0499,0.0145,0.0381,0.064
3.208858,-0.0598,0.0120,0.0214,0.065
3.209940,-0.0598,0.0120,0.0214,0.065
3.228613,-0.0397,0.0174,-0.0129,0.045
3.229599,-0.0397,0.0174,-0.0129,0.045
3.247998,-0.0113,-0.0198,0.0135,0.026
3.249224,-0.0113,-0.0198,0.0135,0.026
3.268678,-0.0508,-0.0082,-0.0200,0.055
3.270152,-0.0508,-0.0082,-0.0200,0.055
3.287844,-0.0841,-0.0362,0.0292,0.096
3.288942,-0.0841,-0.0362,0.0292,0.096
3.308091,-0.0672,-0.0479,0.0619,0.103
3.309274,-0.0672,-0.0479,0.0619,0.103
3.328478,-0.0754,-0.0017,0.0559,0.094
3.329442,-0.0754,-0.0017,0.0559,0.094
3.348265,-0.0311,0.0073,0.0037,0.032
3.349518,-0.0311,0.0073,0.0037,0.032
3.367827,-0.0516,0.0166,0.0165,0.057
3.369051,-0.0516,0.0166,0.0165,0.057
3.387461,-0.0550,0.0225,-0.0377,0.070
3.388896,-0.0550,0.0225,-0.0377,0.070
3.407745,-0.0435,0.0116,0.0409,0.061
3.408765,-0.0435,0.0116,0.0409,0.061
3.427916,-0.0141,0.0076,0.0052,0.017
3.429482,-0.0141,0.0076,0.0052,0.017
3.447455,-0.0153,0.0118,0.0016,0.019
3.449296,-0.0153,0.0118,0.0016,0.019
3.467559,-0.0507,0.0031,0.0216,0.055
3.469556,-0.0507,0.0031,0.0216,0.055
3.487185,-0.0692,-0.0016,0.0225,0.073
3.488441,-0.0692,-0.0016,0.0225,0.073
3.507869,-0.0547,-0.0078,0.0432,0.070
3.508942,-0.0547,-0.0078,0.0432,0.070
3.533861,-0.0374,-0.0037,0.0336,0.050
3.535343,-0.0374,-0.0037,0.0336,0.050
3.547762,-0.0445,-0.0003,0.0405,0.060
3.548883,-0.0445,-0.0003,0.0405,0.060
3.567914,-0.0401,-0.0215,0.0396,0.060
3.569649,-0.0401,-0.0215,0.0396,0.060
3.587497,-0.0318,0.0090,0.0414,0.053
3.589312,-0.0318,0.0090,0.0414,0.053
3.609380,-0.0465,-0.0211,0.0521,0.073
3.611102,-0.0465,-0.0211,0.0521,0.073
3.631494,-0.0328,-0.0144,0.0158,0.039
3.634136,-0.0328,-0.0144,0.0158,0.039
3.646884,-0.0632,0.0011,-0.0103,0.064
3.648285,-0.0632,0.0011,-0.0103,0.064
3.667188,-0.0554,0.0164,0.0201,0.061
3.669198,-0.0554,0.0164,0.0201,0.061
3.687742,-0.0709,-0.0118,0.0019,0.072
3.689658,-0.0709,-0.0118,0.0019,0.072
3.707893,-0.1095,0.0032,0.0455,0.119
3.708941,-0.1095,0.0032,0.0455,0.119
3.727353,-0.0542,-0.0192,0.0340,0.067
3.729180,-0.0542,-0.0192,0.0340,0.067
3.746825,-0.0321,-0.0006,0.0631,0.071
3.748483,-0.0321,-0.0006,0.0631,0.071
3.767834,-0.0187,0.0076,0.0430,0.048
3.769671,-0.0187,0.0076,0.0430,0.048
3.787466,-0.0219,0.0486,0.0361,0.064
3.788725,-0.0219,0.0486,0.0361,0.064
3.807070,-0.0177,0.0725,-0.0032,0.075
3.808976,-0.0177,0.0725,-0.0032,0.075
3.826779,0.0010,-0.0326,0.0083,0.034
3.828683,0.0010,-0.0326,0.0083,0.034
3.846390,-0.0588,-0.0443,0.0196,0.076
3.847546,-0.0588,-0.0443,0.0196,0.076
3.867104,-0.1111,-0.0546,0.0188,0.125
3.869067,-0.1111,-0.0546,0.0188,0.125
3.887911,-0.0639,-0.0261,0.0137,0.070
3.889750,-0.0639,-0.0261,0.0137,0.070
3.906822,-0.0437,0.0112,0.0398,0.060
3.908330,-0.0437,0.0112,0.0398,0.060
3.926314,-0.0427,-0.0152,0.0074,0.046
3.927589,-0.0427,-0.0152,0.0074,0.046
3.947759,-0.0423,-0.0052,0.0011,0.043
3.950315,-0.0423,-0.0052,0.0011,0.043
3.966094,-0.0405,-0.0093,0.0538,0.068
3.967558,-0.0405,-0.0093,0.0538,0.068
3.986603,-0.0362,0.0322,0.0285,0.056
3.988163,-0.0362,0.0322,0.0285,0.056
4.006422,-0.0729,0.0250,0.0015,0.077
4.008126,-0.0729,0.0250,0.0015,0.077
4.026771,-0.0512,0.0185,0.0409,0.068
4.028040,-0.0512,0.0185,0.0409,0.068
4.045957,-0.0271,0.0051,0.0511,0.058
4.047763,-0.0271,0.0051,0.0511,0.058
4.066130,-0.0317,0.0258,0.0018,0.041
4.067481,-0.0317,0.0258,0.0018,0.041
4.086569,-0.0140,0.0323,0.0151,0.038
4.087888,-0.0140,0.0323,0.0151,0.038
4.106160,-0.0066,-0.0144,0.0467,0.049
4.108057,-0.0066,-0.0144,0.0467,0.049
4.126324,-0.0336,-0.0194,0.0366,0.053
4.127179,-0.0336,-0.0194,0.0366,0.053
4.145940,-0.0741,-0.0533,0.0547,0.106
4.147222,-0.0741,-0.0533,0.0547,0.106
4.165819,-0.0815,-0.0525,0.0299,0.101
4.167465,-0.0815,-0.0525,0.0299,0.101
4.185333,-0.0542,-0.0240,0.0508,0.078
4.186468,-0.0542,-0.0240,0.0508,0.078
4.206636,-0.0308,-0.0034,0.0138,0.034
4.208064,-0.0308,-0.0034,0.0138,0.034
4.225889,-0.0363,0.0108,0.0299,0.048
4.226785,-0.0363,0.0108,0.0299,0.048
4.245325,-0.0477,0.0085,0.0123,0.050
4.246921,-0.0477,0.0085,0.0123,0.050
4.265393,-0.0508,0.0333,0.0121,0.062
4.266900,-0.0508,0.0333,0.0121,0.062
4.285437,-0.0597,0.0133,0.0383,0.072
4.286580,-0.0597,0.0133,0.0383,0.072
4.305578,-0.0266,0.0179,0.0074,0.033
4.307142,-0.0266,0.0179,0.0074,0.033
4.325163,-0.0369,0.0271,0.0260,0.053
4.326213,-0.0369,0.0271,0.0260,0.053
4.345158,-0.0748,0.0269,0.0171,0.081
4.346808,-0.0748,0.0269,0.0171,0.081
4.364901,-0.0624,0.0077,0.0219,0.067
4.366052,-0.0624,0.0077,0.0219,0.067
4.385024,-0.0620,-0.0035,0.0565,0.084
4.386204,-0.0620,-0.0035,0.0565,0.084
4.404886,-0.0498,-0.0023,0.0348,0.061
4.406288,-0.0498,-0.0023,0.0348,0.061
4.424958,-0.0565,0.0082,0.0163,0.059
4.425866,-0.0565,0.0082,0.0163,0.059
4.444812,-0.0458,-0.0129,0.0205,0.052
4.446309,-0.0458,-0.0129,0.0205,0.052
4.465050,-0.0457,0.0017,0.0587,0.074
4.466872,-0.0457,0.0017,0.0587,0.074
4.484865,-0.0320,-0.0031,0.0393,0.051
4.486374,-0.0320,-0.0031,0.0393,0.051
4.505355,-0.0496,0.0203,0.0335,0.063
4.507325,-0.0496,0.0203,0.0335,0.063
4.524708,-0.0467,0.0518,0.0233,0.074
4.525494,-0.0467,0.0518,0.0233,0.074
4.548724,-0.0088,0.0419,0.0142,0.045
4.550291,-0.0088,0.0419,0.0142,0.045
4.565605,-0.0572,-0.0179,0.0585,0.084
4.566926,-0.0572,-0.0179,0.0585,0.084
4.584364,-0.0650,-0.0299,0.0722,0.102
4.585604,-0.0650,-0.0299,0.0722,0.102
4.604565,-0.0468,0.0023,0.0179,0.050
4.605862,-0.0468,0.0023,0.0179,0.050
4.626033,-0.0099,0.0319,0.1069,0.112
4.626890,-0.0099,0.0319,0.1069,0.112
4.644277,-0.0184,0.0689,0.0275,0.076
4.645862,-0.0184,0.0689,0.0275,0.076
4.664453,0.0177,0.0572,0.0154,0.062
4.666620,0.0177,0.0572,0.0154,0.062
4.684059,-0.0336,-0.0482,0.0302,0.066
4.685367,-0.0336,-0.0482,0.0302,0.066
4.704117,-0.0513,-0.0558,0.0169,0.078
4.705460,-0.0513,-0.0558,0.0169,0.078
4.724019,-0.1254,-0.0198,0.0168,0.128
4.725306,-0.1254,-0.0198,0.0168,0.128
4.746382,-0.0653,0.0028,0.0240,0.070
4.748308,-0.0653,0.0028,0.0240,0.070
4.763954,-0.0553,-0.0195,0.0500,0.077
4.765449,-0.0553,-0.0195,0.0500,0.077
4.783982,-0.0394,-0.0083,0.0238,0.047
4.785276,-0.0394,-0.0083,0.0238,0.047
4.803929,-0.0158,0.0301,0.0232,0.041
4.805575,-0.0158,0.0301,0.0232,0.041
4.826916,-0.0523,0.0109,0.0343,0.064
4.827765,-0.0523,0.0109,0.0343,0.064
4.846334,-0.0478,0.0459,0.0064,0.067
4.848475,-0.0478,0.0459,0.0064,0.067
4.863787,-0.0571,0.0362,0.0379,0.078
4.865713,-0.0571,0.0362,0.0379,0.078
4.883908,-0.0529,0.0238,0.0114,0.059
4.885439,-0.0529,0.0238,0.0114,0.059
4.903438,-0.0411,0.0087,0.0621,0.075
4.904745,-0.0411,0.0087,0.0621,0.075
4.923529,-0.0500,0.0284,0.0405,0.070
4.924616,-0.0500,0.0284,0.0405,0.070
4.943398,-0.0260,-0.0243,0.0455,0.058
4.945026,-0.0260,-0.0243,0.0455,0.058
4.963379,-0.0237,0.0186,0.0409,0.051
4.964793,-0.0237,0.0186,0.0409,0.051
4.983541,-0.0238,-0.0206,0.0186,0.037
4.985435,-0.0238,-0.0206,0.0186,0.037
5.003317,-0.0790,-0.0534,0.0304,0.100
5.004579,-0.0790,-0.0534,0.0304,0.100
5.025755,-0.0674,-0.0212,0.0327,0.078
5.026900,-0.0674,-0.0212,0.0327,0.078
5.043127,-0.0540,-0.0046,0.0217,0.058
5.044761,-0.0540,-0.0046,0.0217,0.058
5.063366,-0.0515,0.0066,0.0208,0.056
5.065733,-0.0515,0.0066,0.0208,0.056
5.083237,-0.0277,0.0271,0.0355,0.053
5.084530,-0.0277,0.0271,0.0355,0.053
5.103080,-0.0239,0.0017,0.0322,0.040
5.104421,-0.0239,0.0017,0.0322,0.040
5.122579,-0.0522,0.0432,0.0198,0.071
5.123562,-0.0522,0.0432,0.0198,0.071
5.143730,-0.0334,0.0069,0.0055,0.035
5.145120,-0.0334,0.0069,0.0055,0.035
5.162914,-0.0146,0.0188,0.0291,0.038
5.164066,-0.0146,0.0188,0.0291,0.038
5.182945,-0.0410,0.0143,0.0134,0.045
5.184653,-0.0410,0.0143,0.0134,0.045
5.202923,-0.0409,0.0125,-0.0125,0.045
5.204949,-0.0409,0.0125,-0.0125,0.045
5.222265,-0.0571,-0.0257,-0.0061,0.063
5.223169,-0.0571,-0.0257,-0.0061,0.063
5.246268,-0.0418,-0.0129,0.0131,0.046
5.247986,-0.0418,-0.0129,0.0131,0.046
5.262710,-0.0645,-0.0136,0.0312,0.073
5.264140,-0.0645,-0.0136,0.0312,0.073
5.282992,-0.0466,0.0106,0.0208,0.052
5.284118,-0.0466,0.0106,0.0208,0.052
5.302486,-0.0345,0.0064,0.0670,0.076
5.303698,-0.0345,0.0064,0.0670,0.076
5.322190,-0.0470,-0.0049,0.0492,0.068
5.323114,-0.0470,-0.0049,0.0492,0.068
5.343062,-0.0408,-0.0189,0.0119,0.047
5.344658,-0.0408,-0.0189,0.0119,0.047
5.362535,-0.0550,-0.0124,0.0115,0.058
5.364441,-0.0550,-0.0124,0.0115,0.058
5.382655,-0.0499,-0.0165,0.0458,0.070
5.384327,-0.0499,-0.0165,0.0458,0.070
5.402303,-0.0733,-0.0239,0.0227,0.080
5.403544,-0.0733,-0.0239,0.0227,0.080
5.422298,-0.0897,-0.0026,0.0496,0.103
5.423175,-0.0897,-0.0026,0.0496,0.103
5.445689,-0.0325,0.0437,0.0450,0.071
5.447378,-0.0325,0.0437,0.0450,0.071
5.462338,0.0059,0.1097,0.0899,0.142
5.463663,0.0059,0.1097,0.0899,0.142
5.481395,-0.0023,0.1559,0.0181,0.157
5.483036,-0.0023,0.1559,0.0181,0.157
5.502358,0.0102,0.0725,0.0278,0.078
5.503937,0.0102,0.0725,0.0278,0.078
5.520690,0.0040,-0.0191,-0.0330,0.038
5.521593,0.0040,-0.0191,-0.0330,0.038
5.545138,-0.0566,-0.0457,-0.0100,0.073
5.546628,-0.0566,-0.0457,-0.0100,0.073
5.561368,-0.1164,-0.0461,0.0115,0.126
5.563123,-0.1164,-0.0461,0.0115,0.126
5.580856,-0.0697,-0.0667,0.0226,0.099
5.582138,-0.0697,-0.0667,0.0226,0.099
5.600863,-0.0378,-0.0405,0.0160,0.058
5.602354,-0.0378,-0.0405,0.0160,0.058
5.621327,-0.0301,-0.0195,0.0221,0.042
5.622505,-0.0301,-0.0195,0.0221,0.042
5.642415,-0.0508,-0.0067,0.0536,0.074
5.643504,-0.0508,-0.0067,0.0536,0.074
5.660615,-0.0303,-0.0347,0.0457,0.065
5.661543,-0.0303,-0.0347,0.0457,0.065
5.680412,-0.0451,0.0194,0.0354,0.061
5.681369,-0.0451,0.0194,0.0354,0.061
5.700521,-0.0249,-0.0011,0.0190,0.031
5.701652,-0.0249,-0.0011,0.0190,0.031
5.720809,-0.0654,-0.0149,0.0303,0.074
5.721842,-0.0654,-0.0149,0.0303,0.074
5.745299,-0.0726,0.0622,0.0300,0.100
5.746639,-0.0726,0.0622,0.0300,0.100
5.760666,-0.0678,0.0301,0.0295,0.080
5.762111,-0.0678,0.0301,0.0295,0.080
5.780859,-0.0155,0.0019,0.0244,0.029
5.782747,-0.0155,0.0019,0.0244,0.029
5.800890,-0.0143,-0.0085,0.0233,0.029
5.802323,-0.0143,-0.0085,0.0233,0.029
5.821501,-0.0499,-0.0111,0.0268,0.058
5.822875,-0.0499,-0.0111,0.0268,0.058
5.844626,-0.0601,-0.0157,0.0284,0.068
5.845922,-0.0601,-0.0157,0.0284,0.068
5.860669,-0.0749,-0.0206,0.0391,0.087
5.862120,-0.0749,-0.0206,0.0391,0.087
5.880968,-0.0520,-0.0137,0.0563,0.078
5.882605,-0.0520,-0.0137,0.0563,0.078
5.900768,-0.0291,0.0105,0.0304,0.043
5.902338,-0.0291,0.0105,0.0304,0.043
5.920473,-0.0589,0.0063,0.0341,0.068
5.921527,-0.0589,0.0063,0.0341,0.068
5.945767,-0.0501,0.0086,0.0268,0.057
5.947557,-0.0501,0.0086,0.0268,0.057
5.960686,-0.0661,0.0008,0.0320,0.073
5.962920,-0.0661,0.0008,0.0320,0.073
5.980587,-0.0206,0.0109,0.0277,0.036
5.982537,-0.0206,0.0109,0.0277,0.036
6.001480,-0.0445,0.0032,0.0230,0.050
6.003575,-0.0445,0.0032,0.0230,0.050
6.020432,-0.0156,0.0199,0.0209,0.033
6.022066,-0.0156,0.0199,0.0209,0.033
6.042629,-0.0349,0.0265,0.0224,0.049
6.043981,-0.0349,0.0265,0.0224,0.049
6.060633,-0.0570,0.0077,0.0241,0.062
6.062099,-0.0570,0.0077,0.0241,0.062
6.080359,-0.0830,-0.0236,0.0221,0.089
6.082017,-0.0830,-0.0236,0.0221,0.089
6.100344,-0.0725,-0.0538,0.0349,0.097
6.101559,-0.0725,-0.0538,0.0349,0.097
6.120173,-0.0562,-0.0126,0.0303,0.065
6.121244,-0.0562,-0.0126,0.0303,0.065
6.140163,-0.0099,0.0058,0.0048,0.012
6.141518,-0.0099,0.0058,0.0048,0.012
6.160076,-0.0529,0.0245,0.0187,0.061
6.161780,-0.0529,0.0245,0.0187,0.061
6.180114,-0.0600,-0.0051,0.0137,0.062
6.181527,-0.0600,-0.0051,0.0137,0.062
6.199928,-0.0406,-0.0094,0.0243,0.048
6.201317,-0.0406,-0.0094,0.0243,0.048
6.224466,-0.0617,0.0355,-0.0121,0.072
6.225852,-0.0617,0.0355,-0.0121,0.072
6.240012,-0.0602,0.0076,0.0165,0.063
6.241638,-0.0602,0.0076,0.0165,0.063
6.260429,-0.0424,-0.0284,0.0349,0.062
6.261852,-0.0424,-0.0284,0.0349,0.062
6.280145,-0.0639,-0.0270,0.0427,0.081
6.282723,-0.0639,-0.0270,0.0427,0.081
6.299637,-0.0227,0.0268,0.0360,0.050
6.300986,-0.0227,0.0268,0.0360,0.050
6.326655,-0.0229,0.0348,0.0836,0.093
6.328080,-0.0229,0.0348,0.0836,0.093
6.339554,-0.0472,0.0870,0.0131,0.100
6.340884,-0.0472,0.0870,0.0131,0.100
6.361004,-0.0016,0.0823,0.0195,0.085
6.363072,-0.0016,0.0823,0.0195,0.085
6.379722,0.0070,-0.0402,0.0270,0.049
6.381688,0.0070,-0.0402,0.0270,0.049
6.399466,-0.0484,-0.0367,-0.0076,0.061
6.401241,-0.0484,-0.0367,-0.0076,0.061
6.425649,-0.1129,-0.0470,-0.0259,0.125
6.426980,-0.1129,-0.0470,-0.0259,0.125
6.439789,-0.1036,-0.0580,0.0294,0.122
6.441336,-0.1036,-0.0580,0.0294,0.122
6.459827,-0.0468,-0.0016,-0.0038,0.047
6.461688,-0.0468,-0.0016,-0.0038,0.047
6.479095,-0.0269,-0.0169,0.0238,0.040
6.480514,-0.0269,-0.0169,0.0238,0.040
6.499613,-0.0194,0.0035,0.0106,0.022
6.501814,-0.0194,0.0035,0.0106,0.022
6.524373,-0.0150,-0.0039,0.0765,0.078
6.525780,-0.0150,-0.0039,0.0765,0.078
6.539222,-0.0380,0.0323,0.0199,0.054
6.540933,-0.0380,0.0323,0.0199,0.054
6.558989,-0.0769,0.0585,0.0303,0.101
6.560688,-0.0769,0.0585,0.0303,0.101
6.579016,-0.0528,-0.0274,-0.0104,0.060
6.580419,-0.0528,-0.0274,-0.0104,0.060
6.599284,-0.0571,-0.0083,0.0339,0.067
6.600969,-0.0571,-0.0083,0.0339,0.067
6.625299,-0.0509,-0.0081,0.0479,0.070
6.626703,-0.0509,-0.0081,0.0479,0.070
6.639055,-0.0292,0.0040,0.0321,0.044
6.640442,-0.0292,0.0040,0.0321,0.044
6.658859,-0.0087,-0.0441,0.0427,0.062
6.660125,-0.0087,-0.0441,0.0427,0.062
6.678700,-0.0205,-0.0441,0.0208,0.053
6.679831,-0.0205,-0.0441,0.0208,0.053
6.699518,-0.0714,-0.0371,0.0359,0.088
6.700970,-0.0714,-0.0371,0.0359,0.088
6.725731,-0.0838,-0.0237,0.0541,0.103
6.727209,-0.0838,-0.0237,0.0541,0.103
6.738525,-0.0630,-0.0266,0.0491,0.084
6.739799,-0.0630,-0.0266,0.0491,0.084
6.759017,-0.0457,-0.0046,0.0513,0.069
6.761077,-0.0457,-0.0046,0.0513,0.069
6.778573,-0.0368,0.0309,0.0253,0.054
6.780089,-0.0368,0.0309,0.0253,0.054
6.798773,-0.0407,0.0441,0.0359,0.070
6.800837,-0.0407,0.0441,0.0359,0.070
6.824799,-0.0357,0.0167,0.0190,0.044
6.826258,-0.0357,0.0167,0.0190,0.044
6.838197,-0.0235,0.0062,0.0342,0.042
6.839716,-0.0235,0.0062,0.0342,0.042
6.859058,-0.0333,0.0057,0.0125,0.036
6.860627,-0.0333,0.0057,0.0125,0.036
6.878134,-0.0459,0.0056,0.0334,0.057
6.880537,-0.0459,0.0056,0.0334,0.057
6.898246,-0.0774,-0.0010,0.0056,0.078
6.899757,-0.0774,-0.0010,0.0056,0.078
6.918034,-0.0622,0.0142,-0.0081,0.064
6.918748,-0.0622,0.0142,-0.0081,0.064
6.941642,-0.0665,0.0115,0.0430,0.080
6.944315,-0.0665,0.0115,0.0430,0.080
6.958094,-0.0280,0.0209,0.0421,0.055
6.959303,-0.0280,0.0209,0.0421,0.055
6.977889,-0.0490,0.0003,0.0491,0.069
6.978925,-0.0490,0.0003,0.0491,0.069
6.997701,-0.0334,0.0066,0.0274,0.044
6.998941,-0.0334,0.0066,0.0274,0.044
7.017908,-0.0430,0.0019,0.0384,0.058
7.019215,-0.0430,0.0019,0.0384,0.058
7.039779,-0.0366,-0.0055,0.0325,0.049
7.041060,-0.0366,-0.0055,0.0325,0.049
7.058906,-0.0270,-0.0043,0.0270,0.038
7.060059,-0.0270,-0.0043,0.0270,0.038
7.077597,-0.0538,0.0108,-0.0017,0.055
7.078713,-0.0538,0.0108,-0.0017,0.055
7.097479,-0.0194,-0.0077,0.0090,0.023
7.098742,-0.0194,-0.0077,0.0090,0.023
7.117489,-0.0359,0.0311,0.0149,0.050
7.118565,-0.0359,0.0311,0.0149,0.050
7.138336,-0.0355,-0.0112,0.0245,0.045
7.139183,-0.0355,-0.0112,0.0245,0.045
7.159400,-0.0645,-0.0129,0.0704,0.096
7.160883,-0.0645,-0.0129,0.0704,0.096
7.177407,-0.0807,0.0015,0.0511,0.096
7.178415,-0.0807,0.0015,0.0511,0.096
7.197117,-0.0532,0.0133,0.0212,0.059
7.198359,-0.0532,0.0133,0.0212,0.059
7.217400,0.0033,0.0785,0.0998,0.127
7.218471,0.0033,0.0785,0.0998,0.127
7.237065,-0.0278,0.0396,0.0534,0.072
7.237917,-0.0278,0.0396,0.0534,0.072
7.261238,-0.0176,0.1592,-0.0025,0.160
7.262761,-0.0176,0.1592,-0.0025,0.160
7.277145,-0.0202,-0.0296,0.0067,0.036
7.278586,-0.0202,-0.0296,0.0067,0.036
7.297054,-0.0349,-0.0546,-0.0027,0.065
7.298363,-0.0349,-0.0546,-0.0027,0.065
7.317620,-0.1032,-0.0205,0.0184,0.107
7.319078,-0.1032,-0.0205,0.0184,0.107
7.337114,-0.0836,-0.0274,0.0554,0.104
7.338113,-0.0836,-0.0274,0.0554,0.104
7.358948,-0.0452,-0.0052,0.0292,0.054
7.360418,-0.0452,-0.0052,0.0292,0.054
7.376914,-0.0424,0.0133,0.0219,0.049
7.378430,-0.0424,0.0133,0.0219,0.049
7.397099,-0.0359,0.0052,0.0330,0.049
7.398419,-0.0359,0.0052,0.0330,0.049
7.417313,-0.0516,-0.0006,0.0248,0.057
7.418807,-0.0516,-0.0006,0.0248,0.057
7.436682,-0.0493,0.0526,0.0428,0.084
7.437701,-0.0493,0.0526,0.0428,0.084
7.456681,-0.0685,0.0170,0.0206,0.073
7.458072,-0.0685,0.0170,0.0206,0.073
7.477647,-0.0235,-0.0132,0.0166,0.032
7.478848,-0.0235,-0.0132,0.0166,0.032
7.496396,-0.0475,-0.0072,0.0207,0.052
7.497484,-0.0475,-0.0072,0.0207,0.052
7.516460,-0.0401,-0.0002,0.0245,0.047
7.517846,-0.0401,-0.0002,0.0245,0.047
7.539594,-0.0311,-0.0019,0.0210,0.038
7.541268,-0.0311,-0.0019,0.0210,0.038
7.558286,-0.0043,-0.0098,0.0483,0.049
7.559652,-0.0043,-0.0098,0.0483,0.049
7.576477,-0.0302,-0.0337,0.0222,0.050
7.577671,-0.0302,-0.0337,0.0222,0.050
7.596227,-0.0408,-0.0187,0.0231,0.050
7.597487,-0.0408,-0.0187,0.0231,0.050
7.616012,-0.0745,-0.0067,0.0459,0.088
7.617131,-0.0745,-0.0067,0.0459,0.088
7.641321,-0.0752,0.0293,0.0478,0.094
7.642641,-0.0752,0.0293,0.0478,0.094
7.657537,-0.0378,-0.0272,0.0229,0.052
7.659199,-0.0378,-0.0272,0.0229,0.052
7.676904,-0.0548,0.0197,0.0079,0.059
7.678195,-0.0548,0.0197,0.0079,0.059
7.695813,-0.0475,-0.0072,0.0084,0.049
7.697293,-0.0475,-0.0072,0.0084,0.049
7.716086,-0.0439,-0.0021,-0.0066,0.044
7.717465,-0.0439,-0.0021,-0.0066,0.044
7.741678,-0.0480,-0.0060,0.0019,0.048
7.743001,-0.0480,-0.0060,0.0019,0.048
7.756272,-0.0542,-0.0061,0.0151,0.057
7.758218,-0.0542,-0.0061,0.0151,0.057
7.775778,-0.0636,0.0598,0.0351,0.094
7.777171,-0.0636,0.0598,0.0351,0.094
7.796863,-0.0464,0.0132,0.0255,0.055
7.798195,-0.0464,0.0132,0.0255,0.055
7.815658,-0.0701,-0.0049,0.0310,0.077
7.817107,-0.0701,-0.0049,0.0310,0.077
7.843335,-0.0490,-0.0138,0.0502,0.071
7.845134,-0.0490,-0.0138,0.0502,0.071
7.855786,-0.0367,-0.0296,0.0267,0.054
7.857673,-0.0367,-0.0296,0.0267,0.054
7.875273,-0.0331,-0.0186,-0.0003,0.038
7.876527,-0.0331,-0.0186,-0.0003,0.038
7.896124,-0.0158,-0.0261,0.0671,0.074
7.897529,-0.0158,-0.0261,0.0671,0.074
7.915385,-0.0309,0.0028,0.0240,0.039
7.916974,-0.0309,0.0028,0.0240,0.039
7.942091,-0.0452,-0.0037,0.0354,0.058
7.943385,-0.0452,-0.0037,0.0354,0.058
7.955392,-0.0283,-0.0250,0.0322,0.050
7.956841,-0.0283,-0.0250,0.0322,0.050
7.975393,-0.0046,0.0543,0.0317,0.063
7.976904,-0.0046,0.0543,0.0317,0.063
7.995221,-0.0462,-0.0080,0.0337,0.058
7.996720,-0.0462,-0.0080,0.0337,0.058
8.015196,-0.0662,-0.0318,0.0531,0.091
8.016570,-0.0662,-0.0318,0.0531,0.091
8.043715,-0.0841,-0.0610,0.0545,0.117
8.045254,-0.0841,-0.0610,0.0545,0.117
8.056401,-0.0538,-0.0056,0.0092,0.055
8.057627,-0.0538,-0.0056,0.0092,0.055
8.074918,-0.0285,0.0603,0.0539,0.086
8.077289,-0.0285,0.0603,0.0539,0.086
8.094823,-0.0601,0.1223,0.0389,0.142
8.096358,-0.0601,0.1223,0.0389,0.142
8.114986,-0.0149,0.0918,0.0057,0.093
8.116491,-0.0149,0.0918,0.0057,0.093
8.136538,-0.0100,-0.0548,-0.0324,0.064
8.137469,-0.0100,-0.0548,-0.0324,0.064
8.154880,-0.1105,-0.0590,0.0166,0.126
8.157603,-0.1105,-0.0590,0.0166,0.126
8.174785,-0.0994,-0.0621,-0.0036,0.117
8.176784,-0.0994,-0.0621,-0.0036,0.117
8.194720,-0.0979,-0.0282,0.0189,0.104
8.196510,-0.0979,-0.0282,0.0189,0.104
8.214850,-0.0535,-0.0145,0.0350,0.066
8.216492,-0.0535,-0.0145,0.0350,0.066
8.234849,-0.0334,0.0121,0.0029,0.036
8.235520,-0.0334,0.0121,0.0029,0.036
8.258717,-0.0549,0.0049,0.0329,0.064
8.260088,-0.0549,0.0049,0.0329,0.064
8.274463,-0.0065,-0.0137,0.0385,0.041
8.275985,-0.0065,-0.0137,0.0385,0.041
8.294948,-0.0252,0.0385,0.0149,0.048
8.296935,-0.0252,0.0385,0.0149,0.048
8.314230,-0.0541,0.0378,0.0462,0.081
8.315496,-0.0541,0.0378,0.0462,0.081
8.334730,-0.0368,-0.0032,0.0138,0.039
8.335868,-0.0368,-0.0032,0.0138,0.039
8.354074,-0.0348,-0.0231,0.0498,0.065
8.355412,-0.0348,-0.0231,0.0498,0.065
8.375294,-0.0577,-0.0018,0.0421,0.071
8.378030,-0.0577,-0.0018,0.0421,0.071
8.394111,-0.0362,0.0287,-0.0141,0.048
8.395363,-0.0362,0.0287,-0.0141,0.048
8.415133,-0.0253,-0.0331,0.0372,0.056
8.416549,-0.0253,-0.0331,0.0372,0.056
8.434125,-0.0298,-0.0254,0.0288,0.049
8.434870,-0.0298,-0.0254,0.0288,0.049
8.459890,-0.0560,-0.0415,0.0064,0.070
8.461314,-0.0560,-0.0415,0.0064,0.070
8.473855,-0.0926,-0.0257,0.0464,0.107
8.475167,-0.0926,-0.0257,0.0464,0.107
8.493934,-0.0772,-0.0115,0.0284,0.083
8.495506,-0.0772,-0.0115,0.0284,0.083
8.513801,-0.0346,-0.0072,0.0158,0.039
8.515331,-0.0346,-0.0072,0.0158,0.039
8.533491,-0.0467,0.0165,0.0156,0.052
8.534435,-0.0467,0.0165,0.0156,0.052
8.553610,-0.0265,0.0321,0.0060,0.042
8.555078,-0.0265,0.0321,0.0060,0.042
8.574420,-0.0432,0.0261,0.0474,0.069
8.575820,-0.0432,0.0261,0.0474,0.069
8.593481,-0.0341,0.0065,0.0387,0.052
8.594671,-0.0341,0.0065,0.0387,0.052
8.613653,-0.0455,-0.0068,-0.0303,0.055
8.614956,-0.0455,-0.0068,-0.0303,0.055
8.633581,-0.0517,-0.0029,-0.0020,0.052
8.634782,-0.0517,-0.0029,-0.0020,0.052
8.653436,-0.0383,-0.0221,0.0093,0.045
8.654872,-0.0383,-0.0221,0.0093,0.045
8.673394,-0.0582,0.0048,0.0351,0.068
8.674801,-0.0582,0.0048,0.0351,0.068
8.694223,-0.0437,-0.0009,0.0289,0.052
8.697290,-0.0437,-0.0009,0.0289,0.052
8.713083,-0.0455,-0.0019,0.0342,0.057
8.714197,-0.0455,-0.0019,0.0342,0.057
8.733640,-0.0336,-0.0094,0.0530,0.063
8.734856,-0.0336,-0.0094,0.0530,0.063
8.753113,-0.0180,0.0016,0.0453,0.049
8.754567,-0.0180,0.0016,0.0453,0.049
8.772905,-0.0446,-0.0000,0.0204,0.049
8.774553,-0.0446,-0.0000,0.0204,0.049
8.794004,-0.0145,-0.0174,0.0400,0.046
8.795988,-0.0145,-0.0174,0.0400,0.046
8.812840,-0.0482,0.0008,0.0509,0.070
8.814234,-0.0482,0.0008,0.0509,0.070
8.832762,-0.0327,0.0285,0.0089,0.044
8.833660,-0.0327,0.0285,0.0089,0.044
8.852762,-0.0350,0.0312,0.0114,0.048
8.854333,-0.0350,0.0312,0.0114,0.048
8.872833,-0.0416,0.0191,0.0001,0.046
8.874517,-0.0416,0.0191,0.0001,0.046
8.891578,-0.0478,0.0171,0.0065,0.051
8.892848,-0.0478,0.0171,0.0065,0.051
8.912383,-0.0739,-0.0353,-0.0020,0.082
8.913599,-0.0739,-0.0353,-0.0020,0.082
8.932498,-0.0656,-0.0204,0.0415,0.080
8.933413,-0.0656,-0.0204,0.0415,0.080
8.952473,-0.0467,-0.0164,0.0052,0.050
8.954659,-0.0467,-0.0164,0.0052,0.050
8.972490,-0.0433,0.0080,0.0693,0.082
8.973807,-0.0433,0.0080,0.0693,0.082
8.992398,-0.0866,0.0520,0.0347,0.107
8.993940,-0.0866,0.0520,0.0347,0.107
9.012364,-0.0458,0.1324,0.0066,0.140
9.013478,-0.0458,0.1324,0.0066,0.140
9.032177,0.0196,-0.0111,-0.0076,0.024
9.033137,0.0196,-0.0111,-0.0076,0.024
9.052498,-0.0155,-0.0856,-0.0199,0.089
9.053916,-0.0155,-0.0856,-0.0199,0.089
9.072182,-0.1001,-0.0621,-0.0037,0.118
9.073523,-0.1001,-0.0621,-0.0037,0.118
9.092065,-0.1099,-0.0381,-0.0121,0.117
9.093369,-0.1099,-0.0381,-0.0121,0.117
9.110874,-0.0388,-0.0445,0.0394,0.071
9.112617,-0.0388,-0.0445,0.0394,0.071
9.130652,-0.0133,-0.0063,0.0298,0.033
9.131674,-0.0133,-0.0063,0.0298,0.033
9.150759,-0.0420,0.0079,0.0523,0.068
9.152080,-0.0420,0.0079,0.0523,0.068
9.170729,-0.0231,0.0059,0.0450,0.051
9.172100,-0.0231,0.0059,0.0450,0.051
9.191405,-0.0279,0.0082,0.0316,0.043
9.192885,-0.0279,0.0082,0.0316,0.043
9.210615,-0.0288,0.0419,0.0391,0.064
9.211955,-0.0288,0.0419,0.0391,0.064
9.230538,-0.0605,0.0014,0.0361,0.070
9.231514,-0.0605,0.0014,0.0361,0.070
9.250761,-0.0521,-0.0077,0.0351,0.063
9.252428,-0.0521,-0.0077,0.0351,0.063
9.270616,-0.0730,0.0135,0.0282,0.079
9.272006,-0.0730,0.0135,0.0282,0.079
9.291017,-0.0345,-0.0012,0.0381,0.051
9.292940,-0.0345,-0.0012,0.0381,0.051
9.310747,-0.0106,-0.0185,0.0568,0.061
9.312346,-0.0106,-0.0185,0.0568,0.061
9.330411,-0.0112,-0.0252,0.0345,0.044
9.331372,-0.0112,-0.0252,0.0345,0.044
9.350745,-0.0579,-0.0214,0.0182,0.064
9.351994,-0.0579,-0.0214,0.0182,0.064
9.370583,-0.0728,-0.0240,0.0627,0.099
9.371719,-0.0728,-0.0240,0.0627,0.099
9.391201,-0.0573,-0.0102,0.0342,0.068
9.393439,-0.0573,-0.0102,0.0342,0.068
9.410654,-0.0570,-0.0025,0.0385,0.069
9.411969,-0.0570,-0.0025,0.0385,0.069
9.430517,-0.0172,0.0538,0.0315,0.065
9.431531,-0.0172,0.0538,0.0315,0.065
9.450851,-0.0397,0.0602,0.0406,0.083
9.452180,-0.0397,0.0602,0.0406,0.083
9.472142,-0.0371,0.0128,0.0350,0.053
9.473494,-0.0371,0.0128,0.0350,0.053
9.491479,-0.0562,0.0044,-0.0110,0.057
9.492986,-0.0562,0.0044,-0.0110,0.057
9.510589,-0.0558,0.0096,0.0186,0.060
9.511919,-0.0558,0.0096,0.0186,0.060
9.530513,-0.0513,-0.0095,0.0214,0.056
9.531471,-0.0513,-0.0095,0.0214,0.056
9.550702,-0.0669,0.0250,0.0060,0.072
9.552383,-0.0669,0.0250,0.0060,0.072
9.570424,-0.0458,-0.0039,0.0132,0.048
9.571727,-0.0458,-0.0039,0.0132,0.048
9.592169,-0.0643,-0.0128,0.0210,0.069
9.594364,-0.0643,-0.0128,0.0210,0.069
9.610389,-0.0428,-0.0034,0.0270,0.051
9.611725,-0.0428,-0.0034,0.0270,0.051
9.630349,-0.0033,0.0081,0.0398,0.041
9.631764,-0.0033,0.0081,0.0398,0.041
9.650891,-0.0204,0.0251,0.0346,0.047
9.652477,-0.0204,0.0251,0.0346,0.047
9.670361,-0.0521,-0.0036,0.0556,0.076
9.671756,-0.0521,-0.0036,0.0556,0.076
9.690557,-0.0599,-0.0042,0.0513,0.079
9.691738,-0.0599,-0.0042,0.0513,0.079
9.710881,-0.0344,-0.0099,0.0295,0.046
9.712877,-0.0344,-0.0099,0.0295,0.046
9.730045,-0.0327,0.0245,0.0361,0.055
9.731134,-0.0327,0.0245,0.0361,0.055
9.750054,-0.0297,0.0230,0.0211,0.043
9.751536,-0.0297,0.0230,0.0211,0.043
9.770338,-0.0295,0.0117,0.0333,0.046
9.771799,-0.0295,0.0117,0.0333,0.046
9.790103,-0.0278,-0.0067,0.0289,0.041
9.791441,-0.0278,-0.0067,0.0289,0.041
9.809923,-0.0331,-0.0254,0.0473,0.063
9.811585,-0.0331,-0.0254,0.0473,0.063
9.829766,-0.0907,-0.0395,0.0222,0.101
9.830717,-0.0907,-0.0395,0.0222,0.101
9.849938,-0.0792,-0.0141,0.0264,0.085
9.851669,-0.0792,-0.0141,0.0264,0.085
9.869515,-0.0505,0.0328,0.0468,0.076
9.870723,-0.0505,0.0328,0.0468,0.076
9.889647,-0.0275,0.0624,0.0573,0.089
9.891109,-0.0275,0.0624,0.0573,0.089
9.909554,-0.0408,0.1032,0.0221,0.113
9.911008,-0.0408,0.1032,0.0221,0.113
9.929449,-0.0022,0.0475,0.0440,0.065
9.930356,-0.0022,0.0475,0.0440,0.065
9.949336,-0.0066,-0.0326,-0.0355,0.049
9.950626,-0.0066,-0.0326,-0.0355,0.049
9.969679,-0.0694,-0.0128,0.0240,0.074
9.971347,-0.0694,-0.0128,0.0240,0.074
9.989433,-0.0775,-0.0379,0.0304,0.091
9.990828,-0.0775,-0.0379,0.0304,0.091
10.009548,-0.0490,-0.0319,0.0462,0.074
10.011103,-0.0490,-0.0319,0.0462,0.074
10.029310,-0.0630,0.0046,0.0532,0.083
10.030276,-0.0630,0.0046,0.0532,0.083
10.049242,-0.0989,0.0051,0.0262,0.102
10.050633,-0.0989,0.0051,0.0262,0.102
10.069610,-0.0718,-0.0113,0.0435,0.085
10.071176,-0.0718,-0.0113,0.0435,0.085
10.089370,-0.0216,-0.0035,0.0387,0.044
10.090848,-0.0216,-0.0035,0.0387,0.044
10.109467,-0.0009,0.0340,0.0223,0.041
10.111777,-0.0009,0.0340,0.0223,0.041
10.128977,-0.0137,-0.0130,0.0331,0.038
10.129755,-0.0137,-0.0130,0.0331,0.038
10.148882,-0.0170,-0.0205,0.0499,0.057
10.150465,-0.0170,-0.0205,0.0499,0.057
10.169059,-0.0424,0.0258,0.0376,0.062
10.170781,-0.0424,0.0258,0.0376,0.062
10.189126,-0.0382,0.1120,0.0244,0.121
10.190673,-0.0382,0.1120,0.0244,0.121
10.208944,-0.0244,0.0114,0.0311,0.041
10.210356,-0.0244,0.0114,0.0311,0.041
10.228738,-0.0242,-0.0422,0.0223,0.054
10.229776,-0.0242,-0.0422,0.0223,0.054
10.249079,-0.0744,-0.0223,0.0389,0.087
10.250465,-0.0744,-0.0223,0.0389,0.087
10.268846,-0.0865,-0.0320,0.0236,0.095
10.270903,-0.0865,-0.0320,0.0236,0.095
10.288838,-0.0679,-0.0579,0.0349,0.096
10.290724,-0.0679,-0.0579,0.0349,0.096
10.308606,-0.0490,-0.0212,0.0107,0.054
10.310112,-0.0490,-0.0212,0.0107,0.054
10.328641,-0.0507,-0.0085,0.0061,0.052
10.329707,-0.0507,-0.0085,0.0061,0.052
10.348528,-0.0294,0.0175,-0.0053,0.035
10.349690,-0.0294,0.0175,-0.0053,0.035
10.368338,-0.0434,-0.0154,0.0426,0.063
10.369505,-0.0434,-0.0154,0.0426,0.063
10.389779,-0.0537,-0.0016,0.0301,0.062
10.391699,-0.0537,-0.0016,0.0301,0.062
10.408641,-0.0418,0.0138,0.0280,0.052
10.410660,-0.0418,0.0138,0.0280,0.052
10.428550,-0.0433,0.0257,-0.0002,0.050
10.429714,-0.0433,0.0257,-0.0002,0.050
10.448265,-0.0405,0.0620,0.0182,0.076
10.449504,-0.0405,0.0620,0.0182,0.076
10.468633,-0.0366,0.0188,0.0198,0.046
10.470728,-0.0366,0.0188,0.0198,0.046
10.488082,-0.0578,-0.0069,0.0261,0.064
10.489465,-0.0578,-0.0069,0.0261,0.064
10.508122,-0.0382,-0.0020,0.0270,0.047
10.509489,-0.0382,-0.0020,0.0270,0.047
10.527889,-0.0566,-0.0228,0.0249,0.066
10.528890,-0.0566,-0.0228,0.0249,0.066
10.547805,-0.0252,-0.0257,0.0285,0.046
10.549321,-0.0252,-0.0257,0.0285,0.046
10.567665,-0.0682,-0.0333,0.0406,0.086
10.568931,-0.0682,-0.0333,0.0406,0.086
10.587935,-0.0535,0.0001,0.0452,0.070
10.589396,-0.0535,0.0001,0.0452,0.070
10.607694,-0.0569,-0.0129,0.0464,0.075
10.609309,-0.0569,-0.0129,0.0464,0.075
10.627575,0.1006,-0.0898,-0.3339,0.360
10.628665,0.1006,-0.0898,-0.3339,0.360
10.647422,-0.6018,0.3522,0.4448,0.827
10.648893,-0.6018,0.3522,0.4448,0.827
10.667627,0.0801,-0.0862,-0.0718,0.138
10.668964,0.0801,-0.0862,-0.0718,0.138
10.687619,-0.0426,-0.0715,0.1643,0.184
10.690812,-0.0426,-0.0715,0.1643,0.184
10.708654,0.0340,-0.0477,0.2221,0.230
10.710102,0.0340,-0.0477,0.2221,0.230
10.727303,0.2751,-0.3321,-0.8827,0.982
10.728154,0.2751,-0.3321,-0.8827,0.982
